tm,split,total_demand_mbps,sp_mlu,lp_mlu,ilp_mlu
0,train,1480.7,0.7965,0.4657,0.4696
1,train,1687.7,1.1358,0.5863,0.5879
2,train,1792.9,1.3776,0.5537,0.5609
3,train,1975.1,1.224,0.6386,0.6406
4,train,2255.7,1.7063,0.7737,0.7749
5,other,2098.7,1.4027,0.6806,0.6837
6,test,2317.3,1.4819,0.8043,0.8082
7,train,2034.8,1.5871,0.7001,0.7097
8,other,2204.9,1.5383,0.724,0.7377
9,train,1996.4,1.5164,0.657,0.6649
10,other,1861.8,1.2696,0.6576,0.6594
11,train,1642.3,1.1972,0.5189,0.5279
12,train,1571.1,1.2043,0.5224,0.5382
13,train,1547.3,1.0113,0.522,0.5279
14,train,1618.1,1.0991,0.5129,0.5192
15,other,1757.5,1.041,0.577,0.5856
16,train,1742.9,1.0383,0.5269,0.5287
17,train,1639.8,1.1162,0.4878,0.4963
18,other,1694.0,1.046,0.5731,0.5852
19,train,1591.0,1.0871,0.4669,0.476
20,other,1737.8,1.0043,0.52,0.5336
21,other,1679.2,1.1894,0.4801,0.4985
22,train,1693.1,1.2759,0.5086,0.5209
23,train,1644.9,1.1581,0.5386,0.5417
24,other,1594.4,1.0852,0.5071,0.5102
25,train,1753.0,1.1538,0.5405,0.5452
26,train,1855.2,1.2336,0.5817,0.5858
27,other,1919.2,1.4559,0.6148,0.6185
28,train,1962.4,1.4299,0.6602,0.6708
29,train,2013.2,1.2839,0.6565,0.6587
30,train,2075.5,1.4221,0.745,0.7534
31,train,2062.6,1.4874,0.6981,0.7108
32,other,2184.8,1.5734,0.8417,0.842
33,train,1954.0,1.4164,0.7107,0.7111
34,other,1951.0,1.4705,0.7106,0.7114
35,train,1827.8,1.2778,0.6052,0.6189
36,train,1512.6,1.2134,0.5798,0.5812
37,other,1508.5,0.9519,0.5199,0.5211
38,train,1735.3,1.0027,0.5033,0.5175
39,other,1627.0,1.1203,0.5018,0.5162
40,train,1712.8,1.0485,0.5474,0.5585
41,test,1663.5,1.4689,0.6103,0.6149
42,train,1679.2,1.389,0.5906,0.591
43,train,1633.2,1.3152,0.5554,0.5656
44,train,1717.2,1.2526,0.6379,0.642
45,other,1610.2,1.0561,0.5376,0.5393
46,other,1700.5,1.0069,0.5165,0.5297
47,other,1545.1,0.9311,0.4453,0.4549
48,train,1444.4,0.8743,0.4797,0.4886
49,train,1627.9,0.9092,0.5341,0.5442
50,train,1811.2,1.1353,0.6045,0.6159
51,other,2101.7,1.3559,0.6656,0.6794
52,other,2032.6,1.3394,0.6958,0.7068
53,train,2098.7,1.5435,0.6728,0.6745
54,train,2107.6,1.5188,0.7334,0.7479
55,train,2202.7,1.6727,0.762,0.763
56,other,2042.4,1.4729,0.6474,0.6632
57,train,1978.4,1.592,0.6001,0.6136
58,train,1822.9,1.498,0.5328,0.5544
59,train,1845.4,1.324,0.6424,0.6435
60,other,1514.4,1.2465,0.5073,0.5079
61,train,1533.7,1.0657,0.5023,0.5032
62,other,1669.8,1.1176,0.6289,0.6296
63,other,1640.7,1.222,0.4909,0.5023
64,train,1607.1,1.1866,0.5501,0.555
65,other,1848.4,1.4881,0.6055,0.6097
66,other,1626.6,0.9513,0.454,0.4677
67,train,1739.3,1.1362,0.5909,0.5993
68,train,1723.6,0.9865,0.5485,0.5532
69,train,1627.9,0.8916,0.4792,0.4879
70,other,1587.6,1.1791,0.5476,0.5498
71,other,1544.0,1.062,0.4875,0.4928
72,train,1577.6,1.0492,0.5508,0.5532
73,test,1690.7,1.0733,0.5193,0.5267
74,train,1918.8,1.2923,0.696,0.7043
75,train,2036.0,1.2242,0.6222,0.6349
76,train,2180.7,1.5501,0.7614,0.7632
77,train,2104.7,1.5285,0.7569,0.7609
78,train,2129.7,1.2819,0.7201,0.7281
79,train,2185.8,1.5856,0.781,0.7812
80,train,2069.7,1.2404,0.6853,0.6866
81,train,2128.2,1.5926,0.6702,0.6861
82,other,1873.6,1.3626,0.6018,0.6135
83,train,1691.3,1.2669,0.5808,0.5846
84,train,1567.9,1.0501,0.4741,0.4867
85,train,1634.6,1.0127,0.5309,0.5358
86,train,1669.2,1.0286,0.5957,0.5995
87,train,1569.2,0.8784,0.5448,0.5471
88,other,1688.3,1.4173,0.5252,0.535
89,other,1639.9,0.9495,0.564,0.5775
90,train,1813.0,1.5698,0.6946,0.6952
91,train,1749.8,1.5195,0.7043,0.7047
92,other,1641.2,1.206,0.5563,0.5608
93,train,1627.3,1.1478,0.5245,0.5358
94,other,1704.2,1.1643,0.5206,0.5338
95,train,1477.4,0.9744,0.4563,0.4621
96,other,1552.8,0.9462,0.4516,0.4584
97,train,1721.5,1.2565,0.6578,0.6592
98,other,1742.1,1.0454,0.5463,0.5504
99,other,1973.6,1.4012,0.6004,0.6147
100,other,2109.4,1.3553,0.7338,0.7505
101,other,2260.3,1.7683,0.8215,0.8293
102,train,2137.3,1.4802,0.7053,0.7157
103,train,2021.2,1.3055,0.6687,0.6841
104,train,2246.6,2.0115,0.8564,0.8568
105,other,1801.3,1.1262,0.5578,0.5779
106,train,1845.6,1.1074,0.5813,0.5893
107,other,1687.4,1.194,0.5949,0.5971
108,test,1482.5,0.8164,0.4676,0.475
109,train,1456.1,1.0167,0.4118,0.4291
110,other,1678.9,1.2208,0.5203,0.5333
111,train,1677.6,1.086,0.474,0.4871
112,other,1651.4,1.0995,0.535,0.5406
113,other,1551.3,0.9813,0.4853,0.4919
114,train,1811.4,1.2141,0.5665,0.5847
115,train,1628.0,1.1529,0.5215,0.5311
116,train,1713.8,1.0403,0.592,0.5939
117,train,1628.5,1.1894,0.5224,0.526
118,train,1620.6,1.063,0.603,0.603
119,other,1528.8,1.2251,0.5419,0.542
120,other,1470.4,1.1015,0.4662,0.4684
121,other,1741.3,1.2356,0.6179,0.6181
122,other,1853.8,1.0789,0.5531,0.5621
123,train,1946.9,1.3562,0.651,0.6674
124,train,2041.4,1.4264,0.658,0.6657
125,train,2043.2,1.3892,0.753,0.7538
126,train,2116.8,1.5786,0.8156,0.8158
127,other,2188.3,1.5471,0.6912,0.6962
128,train,2013.8,1.4057,0.627,0.6365
129,train,2246.4,1.6648,0.8058,0.8151
130,train,1821.5,1.3476,0.6012,0.609
131,other,1702.1,1.1524,0.5402,0.5532
132,train,1491.4,0.9359,0.4478,0.4587
133,train,1515.8,1.0333,0.4937,0.5022
134,other,1669.5,0.9689,0.523,0.5359
135,train,1693.9,1.1424,0.5416,0.5447
136,other,1738.5,1.1173,0.5543,0.5552
137,other,1727.4,1.2099,0.5219,0.5451
138,other,1719.4,1.3709,0.6567,0.6584
139,train,1648.1,1.2325,0.5425,0.5503
140,train,1658.4,1.0751,0.6244,0.6272
141,test,1617.8,0.9956,0.4536,0.4672
142,other,1641.3,1.26,0.5868,0.5966
143,other,1558.9,0.9028,0.474,0.4822
